{
  "statistics": {
    "total_nets": 14,
    "routed_nets": 6,
    "failed_nets": 8,
    "total_length": 4956.670407442007,
    "total_turns": 24,
    "runtime_seconds": 4.577615737915039
  },
  "routes": {
    "N4": {
      "waypoints": [
        {
          "x": 826.2914693375885,
          "y": 150.7188567113034
        },
        {
          "x": 825.0,
          "y": 137.5
        },
        {
          "x": 700.0,
          "y": 137.5
        },
        {
          "x": 700.0,
          "y": 700.0
        },
        {
          "x": 512.5,
          "y": 700.0
        },
        {
          "x": 508.87182096704385,
          "y": 686.1775794778907
        }
      ],
      "num_waypoints": 6,
      "total_length": 902.5724555378698,
      "num_turns": 4
    },
    "N0": {
      "waypoints": [
        {
          "x": 180.0428725481982,
          "y": 596.3786843693304
        },
        {
          "x": 162.5,
          "y": 600.0
        },
        {
          "x": 162.5,
          "y": 400.0
        },
        {
          "x": 425.0,
          "y": 400.0
        },
        {
          "x": 424.55565656674594,
          "y": 375.46687717430075
        }
      ],
      "num_waypoints": 5,
      "total_length": 504.94988785641743,
      "num_turns": 3
    },
    "N13": {
      "waypoints": [
        {
          "x": 219.47687107932117,
          "y": 545.7045785389902
        },
        {
          "x": 225.0,
          "y": 525.0
        },
        {
          "x": 437.5,
          "y": 525.0
        },
        {
          "x": 437.5,
          "y": 737.5
        },
        {
          "x": 800.0,
          "y": 737.5
        },
        {
          "x": 800.0,
          "y": 412.5
        },
        {
          "x": 837.5,
          "y": 412.5
        },
        {
          "x": 833.9148611939726,
          "y": 249.61028555934988
        }
      ],
      "num_waypoints": 8,
      "total_length": 1334.3577547245711,
      "num_turns": 6
    },
    "N9": {
      "waypoints": [
        {
          "x": 605.7066375695052,
          "y": 614.7599733798172
        },
        {
          "x": 625.0,
          "y": 612.5
        },
        {
          "x": 625.0,
          "y": 337.5
        },
        {
          "x": 537.5,
          "y": 337.5
        },
        {
          "x": 537.5,
          "y": 100.0
        },
        {
          "x": 925.0,
          "y": 100.0
        },
        {
          "x": 925.0,
          "y": 650.0
        },
        {
          "x": 862.5,
          "y": 650.0
        },
        {
          "x": 864.4283329787842,
          "y": 627.0118905059715
        }
      ],
      "num_waypoints": 9,
      "total_length": 1642.4941209139008,
      "num_turns": 7
    },
    "N11": {
      "waypoints": [
        {
          "x": 365.6381236020749,
          "y": 452.7454043723882
        },
        {
          "x": 362.5,
          "y": 437.5
        },
        {
          "x": 562.5,
          "y": 437.5
        },
        {
          "x": 560.5881798925758,
          "y": 539.5188486236464
        }
      ],
      "num_waypoints": 4,
      "total_length": 317.60179117478015,
      "num_turns": 2
    },
    "N1": {
      "waypoints": [
        {
          "x": 378.2674838652619,
          "y": 731.1608110984772
        },
        {
          "x": 375.0,
          "y": 650.0
        },
        {
          "x": 225.0,
          "y": 650.0
        },
        {
          "x": 223.07622061767523,
          "y": 626.6111446257614
        }
      ],
      "num_waypoints": 4,
      "total_length": 254.6943972344674,
      "num_turns": 2
    }
  }
}