{
  "statistics": {
    "total_nets": 11,
    "routed_nets": 6,
    "failed_nets": 5,
    "total_length": 3574.2348988926033,
    "total_turns": 27,
    "runtime_seconds": 1.2795019149780273
  },
  "routes": {
    "N8": {
      "waypoints": [
        {
          "x": 178.85788380820156,
          "y": 375.8460381063575
        },
        {
          "x": 165.0,
          "y": 375.0
        },
        {
          "x": 165.0,
          "y": 442.5
        },
        {
          "x": 600.0,
          "y": 442.5
        },
        {
          "x": 600,
          "y": 326.66666666666663
        }
      ],
      "num_waypoints": 5,
      "total_length": 632.2170188713677,
      "num_turns": 3
    },
    "N9": {
      "waypoints": [
        {
          "x": 454.11076061170144,
          "y": 161.9993923252247
        },
        {
          "x": 457.5,
          "y": 172.5
        },
        {
          "x": 382.5,
          "y": 172.5
        },
        {
          "x": 382.5,
          "y": 150.0
        },
        {
          "x": 225.0,
          "y": 150.0
        },
        {
          "x": 225.0,
          "y": 165.0
        },
        {
          "x": 187.5,
          "y": 165.0
        },
        {
          "x": 187.1055650685953,
          "y": 150.37539779017973
        }
      ],
      "num_waypoints": 8,
      "total_length": 333.16394521018043,
      "num_turns": 6
    },
    "N7": {
      "waypoints": [
        {
          "x": 431.60258493692646,
          "y": 105.91320841330366
        },
        {
          "x": 420.0,
          "y": 105.0
        },
        {
          "x": 420.0,
          "y": 75.0
        },
        {
          "x": 510.0,
          "y": 75.0
        },
        {
          "x": 510.0,
          "y": 232.5
        },
        {
          "x": 367.5,
          "y": 232.5
        },
        {
          "x": 367.5,
          "y": 330.0
        },
        {
          "x": 380.9144059279713,
          "y": 326.47864826826634
        }
      ],
      "num_waypoints": 8,
      "total_length": 543.0073609562704,
      "num_turns": 6
    },
    "N3": {
      "waypoints": [
        {
          "x": 62.62066486928539,
          "y": 357.1994185134189
        },
        {
          "x": 52.5,
          "y": 360.0
        },
        {
          "x": 52.5,
          "y": 502.5
        },
        {
          "x": 393.3333333333333,
          "y": 500
        }
      ],
      "num_waypoints": 4,
      "total_length": 493.8435072974355,
      "num_turns": 2
    },
    "N1": {
      "waypoints": [
        {
          "x": 247.56938982316788,
          "y": 200.75360835735927
        },
        {
          "x": 240.0,
          "y": 202.5
        },
        {
          "x": 240.0,
          "y": 337.5
        },
        {
          "x": 345.0,
          "y": 337.5
        },
        {
          "x": 345.0,
          "y": 360.0
        },
        {
          "x": 487.5,
          "y": 360.0
        },
        {
          "x": 487.5,
          "y": 270.0
        },
        {
          "x": 477.4395652799942,
          "y": 269.1886058768866
        }
      ],
      "num_waypoints": 8,
      "total_length": 512.8613415332435,
      "num_turns": 6
    },
    "N2": {
      "waypoints": [
        {
          "x": 262.2669307281468,
          "y": 387.43684443228574
        },
        {
          "x": 532.5,
          "y": 390.0
        },
        {
          "x": 532.5,
          "y": 52.5
        },
        {
          "x": 127.5,
          "y": 52.5
        },
        {
          "x": 127.5,
          "y": 90.0
        },
        {
          "x": 135.61946928903427,
          "y": 93.63619798372522
        }
      ],
      "num_waypoints": 6,
      "total_length": 1059.1417250241054,
      "num_turns": 4
    }
  }
}