{
  "statistics": {
    "total_nets": 17,
    "routed_nets": 5,
    "failed_nets": 12,
    "total_length": 6744.913850276842,
    "total_turns": 14,
    "runtime_seconds": 5.422531843185425
  },
  "routes": {
    "N16": {
      "waypoints": [
        {
          "x": 1138.277084981624,
          "y": 412.5606013981493
        },
        {
          "x": 1140.0,
          "y": 390.0
        },
        {
          "x": 585.0,
          "y": 390.0
        },
        {
          "x": 585.0,
          "y": 1200.0
        },
        {
          "x": 312.0,
          "y": 1200
        }
      ],
      "num_waypoints": 5,
      "total_length": 1660.626293810669,
      "num_turns": 3
    },
    "N1": {
      "waypoints": [
        {
          "x": 210.35870386451796,
          "y": 267.3266119833064
        },
        {
          "x": 210.0,
          "y": 285.0
        },
        {
          "x": 900.0,
          "y": 285.0
        },
        {
          "x": 896.0,
          "y": 0
        }
      ],
      "num_waypoints": 4,
      "total_length": 992.7050966104604,
      "num_turns": 2
    },
    "N10": {
      "waypoints": [
        {
          "x": 635.9635249777932,
          "y": 625.9046017457708
        },
        {
          "x": 630.0,
          "y": 720.0
        },
        {
          "x": 1500.0,
          "y": 720.0
        },
        {
          "x": 1500,
          "y": 252.0
        }
      ],
      "num_waypoints": 4,
      "total_length": 1432.2841853270354,
      "num_turns": 2
    },
    "N13": {
      "waypoints": [
        {
          "x": 236.34538305776297,
          "y": 693.9176583610922
        },
        {
          "x": 240.0,
          "y": 930.0
        },
        {
          "x": 495.0,
          "y": 930.0
        },
        {
          "x": 490.66477587502925,
          "y": 956.309631691593
        }
      ],
      "num_waypoints": 4,
      "total_length": 517.7750395490467,
      "num_turns": 2
    },
    "N15": {
      "waypoints": [
        {
          "x": 423.96341849128197,
          "y": 984.4424824302894
        },
        {
          "x": 135.0,
          "y": 990.0
        },
        {
          "x": 135.0,
          "y": 435.0
        },
        {
          "x": 540.0,
          "y": 435.0
        },
        {
          "x": 540.0,
          "y": 330.0
        },
        {
          "x": 1215.0,
          "y": 330.0
        },
        {
          "x": 1217.7641849879676,
          "y": 217.52758327433418
        }
      ],
      "num_waypoints": 7,
      "total_length": 2141.5232349796306,
      "num_turns": 5
    }
  }
}