{
  "statistics": {
    "total_nets": 8,
    "routed_nets": 5,
    "failed_nets": 3,
    "total_length": 2649.356343546197,
    "total_turns": 12,
    "runtime_seconds": 2.74027681350708
  },
  "routes": {
    "N4": {
      "waypoints": [
        {
          "x": 451.5612108595637,
          "y": 300.41571814410855
        },
        {
          "x": 450.0,
          "y": 320.0
        },
        {
          "x": 340.0,
          "y": 320.0
        },
        {
          "x": 341.7523169500732,
          "y": 179.78275681298553
        }
      ],
      "num_waypoints": 4,
      "total_length": 269.87460350378836,
      "num_turns": 2
    },
    "N5": {
      "waypoints": [
        {
          "x": 347.8237114531294,
          "y": 121.0640890607223
        },
        {
          "x": 350.0,
          "y": 0.0
        },
        {
          "x": 526.6666666666666,
          "y": 0
        }
      ],
      "num_waypoints": 3,
      "total_length": 297.75031499269676,
      "num_turns": 1
    },
    "N6": {
      "waypoints": [
        {
          "x": 239.1609894977513,
          "y": 309.8029730628454
        },
        {
          "x": 270.0,
          "y": 310.0
        },
        {
          "x": 273.3333333333333,
          "y": 0
        }
      ],
      "num_waypoints": 3,
      "total_length": 340.85756051616465,
      "num_turns": 1
    },
    "N1": {
      "waypoints": [
        {
          "x": 155.08116671004427,
          "y": 321.34861086902964
        },
        {
          "x": 140.0,
          "y": 320.0
        },
        {
          "x": 140.0,
          "y": 450.0
        },
        {
          "x": 480.0,
          "y": 450.0
        },
        {
          "x": 480.0,
          "y": 140.0
        },
        {
          "x": 440.0,
          "y": 140.0
        },
        {
          "x": 438.2592920504993,
          "y": 159.30066333507648
        }
      ],
      "num_waypoints": 7,
      "total_length": 854.5203461341647,
      "num_turns": 5
    },
    "N7": {
      "waypoints": [
        {
          "x": 569.2900774972597,
          "y": 254.83740901772424
        },
        {
          "x": 540.0,
          "y": 250.0
        },
        {
          "x": 540.0,
          "y": 480.0
        },
        {
          "x": 0.0,
          "y": 480.0
        },
        {
          "x": 0,
          "y": 393.3333333333333
        }
      ],
      "num_waypoints": 5,
      "total_length": 886.3535183993824,
      "num_turns": 3
    }
  }
}