{
  "statistics": {
    "total_nets": 4,
    "routed_nets": 2,
    "failed_nets": 2,
    "total_length": 771.7414837757988,
    "total_turns": 7,
    "runtime_seconds": 0.7522974014282227
  },
  "routes": {
    "N1": {
      "waypoints": [
        {
          "x": 206.59829999994776,
          "y": 110.78020286073813
        },
        {
          "x": 210.0,
          "y": 97.5
        },
        {
          "x": 262.5,
          "y": 97.5
        },
        {
          "x": 262.5,
          "y": 277.5
        },
        {
          "x": 252.46701924010355,
          "y": 275.82789079330337
        }
      ],
      "num_waypoints": 5,
      "total_length": 256.3803158083237,
      "num_turns": 3
    },
    "N2": {
      "waypoints": [
        {
          "x": 346.181662080479,
          "y": 213.416378552599
        },
        {
          "x": 345.0,
          "y": 75.0
        },
        {
          "x": 120.0,
          "y": 75.0
        },
        {
          "x": 120.0,
          "y": 172.5
        },
        {
          "x": 165.0,
          "y": 172.5
        },
        {
          "x": 162.96924440483372,
          "y": 163.28127838300483
        }
      ],
      "num_waypoints": 6,
      "total_length": 515.3611679674751,
      "num_turns": 4
    }
  }
}